datestamp,relation,creator,language,identifier,title,description,date,publisher,rights,type,type - dcmi recommendation,record id
2020-02-05T15:15:01Z,hdl:11341/0000-0000-0000-3666,Alexander von Plato,deu,hdl:11341/0000-0000-0000-35D9,OH-Interview with Albert C.,Oral history Interview conducted 1981 by Alexander von Plato in Essen.,1981-09-23T00:00:00Z,LAC,,,,hdl:11341/0000-0000-0000-35D9
,hdl:11341/0000-0000-0000-3667,,,,,,,,,,,
,hdl:11341/0000-0000-0000-3668,,,,,,,,,,,
,hdl:11341/0000-0000-0000-3669,,,,,,,,,,,
,hdl:11341/0000-0000-0000-366A,,,,,,,,,,,
,hdl:11341/0000-0000-0000-366B,,,,,,,,,,,
,hdl:11341/0000-0000-0000-366C,,,,,,,,,,,
,hdl:11341/0000-0000-0000-366D,,,,,,,,,,,
,hdl:11341/0000-0000-0000-366E,,,,,,,,,,,
2020-02-05T15:15:01Z,hdl:11341/0000-0000-0000-36D7,Anne-Katrin Einfeldt,deu,hdl:11341/0000-0000-0000-35DB,OH-Interview with Anneliese P.,Oral history Interview conducted 1981 by Anne-Katrin Einfeldt in Gelsenkirchen.,1981-07-16T00:00:00Z,LAC,,,,hdl:11341/0000-0000-0000-35DB
,hdl:11341/0000-0000-0000-36D8,,,,,,,,,,,
,hdl:11341/0000-0000-0000-36D9,,,,,,,,,,,
,hdl:11341/0000-0000-0000-36DA,,,,,,,,,,,
,hdl:11341/0000-0000-0000-36DB,,,,,,,,,,,
,hdl:11341/0000-0000-0000-36DC,,,,,,,,,,,
2020-02-05T15:15:01Z,hdl:11341/0000-0000-0000-3630,Alexander von Plato,deu,hdl:11341/0000-0000-0000-35DF,OH-Interview with Ernst B.,Oral history Interview conducted 1981 by Alexander von Plato in Essen.,1981-12-14T00:00:00Z,LAC,,,,hdl:11341/0000-0000-0000-35DF
,hdl:11341/0000-0000-0000-3631,,,,,,,,,,,
,hdl:11341/0000-0000-0000-3632,,,,,,,,,,,
,hdl:11341/0000-0000-0000-3633,,,,,,,,,,,
,hdl:11341/0000-0000-0000-3634,,,,,,,,,,,
,hdl:11341/0000-0000-0000-3635,,,,,,,,,,,
,hdl:11341/0000-0000-0000-3636,,,,,,,,,,,
,hdl:11341/0000-0000-0000-3637,,,,,,,,,,,
,hdl:11341/0000-0000-0000-3638,,,,,,,,,,,
,hdl:11341/0000-0000-0000-3639,,,,,,,,,,,
,hdl:11341/0000-0000-0000-363A,,,,,,,,,,,
,hdl:11341/0000-0000-0000-363B,,,,,,,,,,,
,hdl:11341/0000-0000-0000-363C,,,,,,,,,,,
,hdl:11341/0000-0000-0000-363D,,,,,,,,,,,
,hdl:11341/0000-0000-0000-363E,,,,,,,,,,,
2020-02-05T15:15:01Z,hdl:11341/0000-0000-0000-2724,Sereng,mvf,hdl:11341/0000-0000-0000-2711,Golden Era Khan,"Epic Tales Bodi-ɣalab qaɣan “Enlightened Era Khan” and Altan-ɣalab qaɣan “Golden Era Khan”, 894 pp. In September 1986 in Tongliao, Walther Heissig, Veronika Veit and Nima recorded the two epic poems from the recitation of the bard Sereng of Murui-yin Süme (Muruiin Süm) Tongliao. Nima’s transcription of the texts is undated. Pages from Tale Altan-ɣalab qaɣan are 590 - 894.",1986-09-01T00:00:00Z,LAC,CC BY SA,,,hdl:11341/0000-0000-0000-2711
,hdl:11341/0000-0000-0000-2725,Walther Heissig,,,,,,,,,,
,hdl:11341/0000-0000-0000-2726,,,,,,,,,,,
,hdl:11341/0000-0000-0000-2757,,,,,,,,,,,
,hdl:11341/0000-0000-0000-2758,,,,,,,,,,,
2020-02-05T15:15:01Z,hdl:11341/0000-0000-0000-2751,Nimaodzer,mvf,hdl:11341/0000-0000-0000-2723,How Wu Xiangbao Searched for His Father,"Tale U Siyang Boo ecige-ben erigsen ""How Wu Xiangbao Searched for His Father"", 339 pp. On August 13-15, 1995 Rinčindorǰi recorded the text from the recitation of the bard Nimaodzer of Baγarin West Banner. At the end of the text, Rinčindorǰi remarks that he transcribed the text from tape without emending it, but he noticed that the text contains mistakes and narrative inconsistencies.",1995-08-13T00:00:00Z,LAC,CC BY SA,,,hdl:11341/0000-0000-0000-2723
,hdl:11341/0000-0000-0000-2752,Walther Heissig,,,,,,,,,,
,hdl:11341/0000-0000-0000-277F,,,,,,,,,,,
,hdl:11341/0000-0000-0000-2780,,,,,,,,,,,
,hdl:11341/0000-0000-0000-2781,,,,,,,,,,,
2020-02-05T15:15:01Z,hdl:11341/0000-0000-0000-36CE,Nori Möding,deu,hdl:11341/0000-0000-0000-35E7,OH-Interview with Heinrich M.,Oral history Interview conducted 1980 by Nori Möding in Essen.,1980-10-15T00:00:00Z,LAC,,,,hdl:11341/0000-0000-0000-35E7
,hdl:11341/0000-0000-0000-36CF,,,,,,,,,,,
,hdl:11341/0000-0000-0000-36D0,,,,,,,,,,,
,hdl:11341/0000-0000-0000-36D1,,,,,,,,,,,
,hdl:11341/0000-0000-0000-36D2,,,,,,,,,,,
,hdl:11341/0000-0000-0000-36D3,,,,,,,,,,,
,hdl:11341/0000-0000-0000-36D4,,,,,,,,,,,
,hdl:11341/0000-0000-0000-36D5,,,,,,,,,,,
,hdl:11341/0000-0000-0000-36D6,,,,,,,,,,,
2020-02-05T15:15:01Z,hdl:11341/0000-0000-0000-36BD,Anne-Katrin Einfeldt,deu,hdl:11341/0000-0000-0000-35EA,OH-Interview with Ida M.,Oral history Interview conducted 1982 by Anne-Katrin Einfeldt in Gelsenkirchen.,1982-06-23T00:00:00Z,LAC,,,,hdl:11341/0000-0000-0000-35EA
,hdl:11341/0000-0000-0000-36BE,,,,,,,,,,,
,hdl:11341/0000-0000-0000-36BF,,,,,,,,,,,
,hdl:11341/0000-0000-0000-36C0,,,,,,,,,,,
,hdl:11341/0000-0000-0000-36C1,,,,,,,,,,,
,hdl:11341/0000-0000-0000-36C2,,,,,,,,,,,
,hdl:11341/0000-0000-0000-36C3,,,,,,,,,,,
,hdl:11341/0000-0000-0000-36C4,,,,,,,,,,,
2020-02-05T15:15:01Z,hdl:11341/00-0000-0000-0000-1EB2-1,Stefan Schnell,vra,hdl:11341/00-0000-0000-0000-1EAD-B,"Multi-CAST Vera'a 'gaqg' (""The Seagull and the Rat"")","Traditional narrative. Speaker VR04. Recorded in 2007 by Stefan Schnell in Vera'a village, Vanua Lava, Vanuatu. A rat is swept out to sea in its tree trunk home by heavy rains, but a helpful turtle returns it to shore. When the turtle is captured by the villagers and about to be eaten, the pigeon and the rat hatch a plan to save their friend.",2015-05-01T00:00:00Z,LAC,CC BY NC SA,,,hdl:11341/00-0000-0000-0000-1EAD-B
,hdl:11341/00-0000-0000-0000-1EAF-5,,,,,,,,,,,
,hdl:11341/00-0000-0000-0000-1EB0-D,,,,,,,,,,,
,hdl:11341/00-0000-0000-0000-1EB1-B,,,,,,,,,,,
,hdl:11341/00-0000-0000-0000-1EAE-7,,,,,,,,,,,
2020-02-05T15:15:01Z,hdl:11341/00-0000-0000-0000-1E41-2,Stefan Schnell,vra,hdl:11341/00-0000-0000-0000-1E3C-5,"Multi-CAST Vera'a 'hhak' (""The Devouring Devil"")","Traditional narrative. Speaker VR05. Recorded in 2007 by Stefan Schnell in Vera'a village, Vanua Lava, Vanuatu. When a devil threatens to devour everyone, the villagers flee but leave behind a pregnant woman, saying she would sink the overcrowded canoes. The woman hides from the devil in a cave and gives birth to twins, who eventually grow into young men. When the devil returns to eat their mother, they kill it with arrows and burn its body. The smoke invites the other villagers to return.",2015-05-01T00:00:00Z,LAC,CC BY NC SA,,,hdl:11341/00-0000-0000-0000-1E3C-5
,hdl:11341/00-0000-0000-0000-1E3E-A,,,,,,,,,,,
,hdl:11341/00-0000-0000-0000-1E3F-4,,,,,,,,,,,
,hdl:11341/00-0000-0000-0000-1E40-3,,,,,,,,,,,
,hdl:11341/00-0000-0000-0000-1E3D-0,,,,,,,,,,,
2020-02-05T15:15:01Z,hdl:11341/0000-0000-0000-35C8,Asangba Reginald Taluah,dag,hdl:11341/0000-0000-0000-35C7,"Panegyric in Honour of Naa Yakubu Nantoo, (AL)",Recording by Asangba Reginald Taluah for Ph.D Dissertation,2018-03-01T00:00:00Z,LAC,CC BY,,,hdl:11341/0000-0000-0000-35C7
,hdl:11341/0000-0000-0000-35C9,,,,,,,,,,,
,hdl:11341/0000-0000-0000-35CA,,,,,,,,,,,
2020-02-05T15:15:01Z,hdl:11341/0000-0000-0000-35CC,Asangba Reginald Taluah,dag,hdl:11341/0000-0000-0000-35CB,"Panegyric in Honour of Naa Yakubu Nantoo, (AS)",Recording by Asangba Reginald Taluah for Ph.D Dissertation,2018-03-01T00:00:00Z,LAC,CC BY,,,hdl:11341/0000-0000-0000-35CB
,hdl:11341/0000-0000-0000-35CD,,,,,,,,,,,
,hdl:11341/0000-0000-0000-35CE,,,,,,,,,,,
2020-02-05T15:15:01Z,hdl:11341/0000-0000-0000-3D9C,Issak Cheikh Oukafi,taq,hdl:11341/0000-0000-0000-3D9B,Non-Structured Interview with Exya Alwateti Number 1,"Non-structured interview with Exya Alwateti, 71 years old, in Eharir on the 27th of february 2010.",2010-02-27T00:00:00Z,LAC,,,,hdl:11341/0000-0000-0000-3D9B
,hdl:11341/0000-0000-0000-3D9D,,,,,,,,,,,
2020-02-05T15:15:01Z,hdl:11341/0000-0000-0000-3D81,Issak Cheikh Oukafi,taq,hdl:11341/0000-0000-0000-3D80,Non-Structured Interview with Exya Alwateti Number 6,"Non-structured interview with Exya Alwateti, 71 years old, in Iheren on the 5th and 6th of march 2011.",2011-03-06T00:00:00Z,LAC,,,,hdl:11341/0000-0000-0000-3D80
2020-02-05T15:15:01Z,hdl:11341/0000-0000-0000-3696,Jutta Blank,deu,hdl:11341/0000-0000-0000-35E1,OH-Interview with Elisabeth F.,Oral history Interview conducted 1984 by Jutta Blank in Essen.,1984-11-27T00:00:00Z,LAC,,,,hdl:11341/0000-0000-0000-35E1
,hdl:11341/0000-0000-0000-3697,,,,,,,,,,,
,hdl:11341/0000-0000-0000-3698,,,,,,,,,,,
,hdl:11341/0000-0000-0000-3699,,,,,,,,,,,
,hdl:11341/0000-0000-0000-369A,,,,,,,,,,,
,hdl:11341/0000-0000-0000-369B,,,,,,,,,,,
,hdl:11341/0000-0000-0000-369C,,,,,,,,,,,
,hdl:11341/0000-0000-0000-369D,,,,,,,,,,,
,hdl:11341/0000-0000-0000-369E,,,,,,,,,,,
2020-02-05T15:15:01Z,hdl:11341/00-0000-0000-0000-1F06-1,Stefan Schnell,vra,hdl:11341/00-0000-0000-0000-1F01-0,"Multi-CAST Vera'a 'mvbw' (""The Two Brothers"")","Traditional narrative. Speaker VR09. Recorded in 2007 by Stefan Schnell in Vera'a village, Vanua Lava, Vanuatu. Two brothers are left to starve by their evil step-mother. When they leave in search of their late mother, her spirit hears the song they sing from Wērēsurō, the land of the dead, and comes to their aid – by having the spirits of the dead tear the step-mother to pieces.",2015-05-01T00:00:00Z,LAC,CC BY NC SA,,,hdl:11341/00-0000-0000-0000-1F01-0
,hdl:11341/00-0000-0000-0000-1F03-3,,,,,,,,,,,
,hdl:11341/00-0000-0000-0000-1F04-B,,,,,,,,,,,
,hdl:11341/00-0000-0000-0000-1F05-D,,,,,,,,,,,
,hdl:11341/00-0000-0000-0000-1F02-8,,,,,,,,,,,
2020-02-05T15:15:01Z,hdl:11341/0000-0000-0000-3DB6,Issak Cheikh Oukafi,taq,hdl:11341/0000-0000-0000-3DB5,Non-Structured Interview with Assanussi Yahi Number 4,"Non-structured interview with Assanussi Yahi, 64 years old, in Aytu, Imelkah-Igamaydaren and Eharir on the 9th of march 2011.",2011-03-09T00:00:00Z,LAC,,,,hdl:11341/0000-0000-0000-3DB5
,hdl:11341/0000-0000-0000-3DB7,,,,,,,,,,,
,hdl:11341/0000-0000-0000-3DB8,,,,,,,,,,,
,hdl:11341/0000-0000-0000-3DB9,,,,,,,,,,,
2020-02-05T15:15:01Z,hdl:11341/0000-0000-0000-3D98,Issak Cheikh Oukafi,taq,hdl:11341/0000-0000-0000-3D97,Structured Interview with Agg Ulli,Structured interview with Agg Ulli on the 10th of march 2011.,2011-03-10T00:00:00Z,LAC,,,,hdl:11341/0000-0000-0000-3D97
2020-02-05T15:15:01Z,hdl:11341/0000-0000-0000-3D75,Miranda Lalinde,yua,hdl:11341/0000-0000-0000-3D74,Yucatec Maya Sample 2,Recording and Interviews made by a local consultant in the municipality of Felipe Carrillo Puerto in the Mexican state of Quintana Roo,2021-11-15T00:00:00Z,LAC,CC BY,,,hdl:11341/0000-0000-0000-3D74
,hdl:11341/0000-0000-0000-3D76,,,,,,,,,,,
,hdl:11341/0000-0000-0000-3D77,,,,,,,,,,,
,hdl:11341/0000-0000-0000-3D78,,,,,,,,,,,
,hdl:11341/0000-0000-0000-3D79,,,,,,,,,,,
,hdl:11341/0000-0000-0000-3D7A,,,,,,,,,,,
,hdl:11341/0000-0000-0000-3D7B,,,,,,,,,,,
2020-02-05T15:15:01Z,hdl:11341/0000-0000-0000-3D41,Miranda Lalinde,esp,hdl:11341/0000-0000-0000-3D40,Afrocuban Spanish 1,"Recording and Interviews made by a local consultant in the city of Havana, Cuba.",2021-11-18T00:00:00Z,LAC,CC BY,,,hdl:11341/0000-0000-0000-3D40
,hdl:11341/0000-0000-0000-3D42,,,,,,,,,,,
,hdl:11341/0000-0000-0000-3D43,,,,,,,,,,,
,hdl:11341/0000-0000-0000-3D44,,,,,,,,,,,
,hdl:11341/0000-0000-0000-3D45,,,,,,,,,,,
,hdl:11341/0000-0000-0000-3D46,,,,,,,,,,,
2020-02-05T15:15:01Z,hdl:11341/0000-0000-0000-3D66,Miranda Lalinde,hrx,hdl:11341/0000-0000-0000-3D65,Hunsrik Sample 2,Recording and Interviews made by a local consultant in the municipality of Felipe Carrillo Puerto in the Mexican state of Quintana Roo,2021-12-04T00:00:00Z,LAC,CC BY,,,hdl:11341/0000-0000-0000-3D65
,hdl:11341/0000-0000-0000-3D67,,,,,,,,,,,
,hdl:11341/0000-0000-0000-3D68,,,,,,,,,,,
,hdl:11341/0000-0000-0000-3D69,,,,,,,,,,,
,hdl:11341/0000-0000-0000-3D6A,,,,,,,,,,,
,hdl:11341/0000-0000-0000-3D6B,,,,,,,,,,,
2020-02-05T15:15:01Z,hdl:11341/0000-0000-0000-2754,Almuth Degener,wbk,hdl:11341/0000-0000-0000-2753,Nuristani Archive Cologne,"The Nuristani Archive Cologne (NurAC) collects, preserves, and presents data from Nuristani languages, a group of related languages of the Indo-Iranian branch of Indo-European spoken mostly in eastern Afghanistan and to a lesser extent in Northern Pakistan. NurAC currently holds recordings in Waigali (Kalasha-Ala), made by Alexandr Grjunberg in the 1980s. In the near future, texts in Prasun collected by Georg Buddruss in 1956* will be available as searchable texts and translations. * cf. Buddruss, Georg, and Almuth Degener. 2015. Materialien Zur Prasun-Sprache Des Afghanischen Hindukusch. Texte Und Glossar. Harvard Oriental Series. Cambridge (Mass.): Department of South Asian Studies, Harvard University.",2019-01-01T00:00:00Z,LAC,CC BY,collection,collection,hdl:11341/0000-0000-0000-2753
,hdl:11341/0000-0000-0000-4086,Eugen Hill,,,,,,,,,,
,,Daniel Kölligan,,,,,,,,,,
2020-02-05T15:15:01Z,hdl:11341/00-0000-0000-0000-1C7B-F,Sonja Gipper,yuz,hdl:11341/00-0000-0000-0000-1BF8-E,Family Problems Gerónimo and Julia,"Session containing the three parts of the Family Problems Picture Task. The session was filmed from two perspectives, front and bird's-eye. Additionally, there are two audio recordings, a normal one and one with separate channels for the two speakers.",2013-08-23T00:00:00Z,LAC,,,,hdl:11341/00-0000-0000-0000-1BF8-E
,hdl:11341/00-0000-0000-0000-1C7C-8,,,,,,,,,,,
,hdl:11341/00-0000-0000-0000-1C79-3,,,,,,,,,,,
,hdl:11341/00-0000-0000-0000-1C7A-1,,,,,,,,,,,
,hdl:11341/00-0000-0000-0000-1C77-F,,,,,,,,,,,
,hdl:11341/00-0000-0000-0000-1C78-5,,,,,,,,,,,
,hdl:11341/00-0000-0000-0000-1C10-B,,,,,,,,,,,
,hdl:11341/00-0000-0000-0000-1C0D-3,,,,,,,,,,,
,hdl:11341/00-0000-0000-0000-1C0C-B,,,,,,,,,,,
,hdl:11341/00-0000-0000-0000-1C0B-A,,,,,,,,,,,
,hdl:11341/00-0000-0000-0000-1C09-1,,,,,,,,,,,
,hdl:11341/00-0000-0000-0000-1C11-E,,,,,,,,,,,
,hdl:11341/00-0000-0000-0000-1C0A-F,,,,,,,,,,,
,hdl:11341/00-0000-0000-0000-1C0F-8,,,,,,,,,,,
,hdl:11341/00-0000-0000-0000-1C0E-7,,,,,,,,,,,
2020-02-05T15:15:01Z,hdl:11341/00-0000-0000-0000-1C93-8,Sonja Gipper,yuz,hdl:11341/00-0000-0000-0000-1BFA-8,Family Problems Pablo and Rebeca,"Session containing the three parts of the Family Problems Picture Task. The session was filmed from two perspectives, front and bird's-eye. Additionally, there are two audio recordings, a normal one and one with separate channels for the two speakers.",2013-08-28T00:00:00Z,LAC,,,,hdl:11341/00-0000-0000-0000-1BFA-8
,hdl:11341/00-0000-0000-0000-1C92-A,,,,,,,,,,,
,hdl:11341/00-0000-0000-0000-1C91-C,,,,,,,,,,,
,hdl:11341/00-0000-0000-0000-1C90-5,,,,,,,,,,,
,hdl:11341/00-0000-0000-0000-1C8F-6,,,,,,,,,,,
,hdl:11341/00-0000-0000-0000-1C94-F,,,,,,,,,,,
,hdl:11341/00-0000-0000-0000-1C67-1,,,,,,,,,,,
,hdl:11341/00-0000-0000-0000-1C68-0,,,,,,,,,,,
,hdl:11341/00-0000-0000-0000-1C69-F,,,,,,,,,,,
,hdl:11341/00-0000-0000-0000-1C6A-5,,,,,,,,,,,
,hdl:11341/00-0000-0000-0000-1C3C-1,,,,,,,,,,,
,hdl:11341/00-0000-0000-0000-1C3B-9,,,,,,,,,,,
,hdl:11341/00-0000-0000-0000-1C3A-6,,,,,,,,,,,
,hdl:11341/00-0000-0000-0000-1C39-4,,,,,,,,,,,
,hdl:11341/00-0000-0000-0000-1C38-3,,,,,,,,,,,
2020-02-05T15:15:01Z,hdl:11341/0000-0000-0000-3D83,Issak Cheikh Oukafi,taq,hdl:11341/0000-0000-0000-3D82,Non-Structured Interview with Assanussi Yahi Number 3,"Non-structured interview with Assanussi Yahi, 64 years old, in Iheren on the 6th of march 2011.",2011-03-06T00:00:00Z,LAC,,,,hdl:11341/0000-0000-0000-3D82
2020-02-05T15:15:01Z,hdl:11341/0000-0000-0000-3DC5,Birgit Hellwig,byx,hdl:11341/0000-0000-0000-3DC4,Collection Overview,"Our longitudinal corpus contains data on seven focal children. The PDF files give tabular overviews of the available sessions for each child (ordered according to the ID of the child: FVL, HCK, YDS, YJL, YRA, ZDL, ZJS): the child's age at each session, the name of the session, the length of the session, a description of the session, other participants, and the processing status. For an overview of the corpus structure, please visit our corpus site (https://qaqet.phil-fak.uni-koeln.de/corpus). For information on the project and the language, please visit our project site (https://qaqet.phil-fak.uni-koeln.de/).",2023-01-01T00:00:00Z,LAC,CC BY,,,hdl:11341/0000-0000-0000-3DC4
,hdl:11341/0000-0000-0000-3DC6,Carmen Dawuda,,,,,,,,,,
,hdl:11341/0000-0000-0000-3DC7,Henrike Frye,,,,,,,,,,
,hdl:11341/0000-0000-0000-3DC8,Steffen Reetz,,,,,,,,,,
,hdl:11341/0000-0000-0000-3DC9,,,,,,,,,,,
,hdl:11341/0000-0000-0000-3DD0,,,,,,,,,,,
,hdl:11341/0000-0000-0000-3DD1,,,,,,,,,,,
2020-02-05T15:15:01Z,hdl:11341/0000-0000-0000-272C,Dawarinčin,mvf,hdl:11341/0000-0000-0000-2714,The Story of the Fifteenth Generation (of the Emperors) of the Tang Dynasty,"Tale Arban tabuduγar Tang ulus ""The Story of the Fifteenth Generation (of the Emperors) of the Tang Dynasty"", 425 pp. In the autumn of 1986 in Tongliao Walther Heissig recorded the text from the recitation of the bard Dawarinčin of Mongγolǰin. On November 24, 1988 Nima finished writing down the text.",1986-01-01T00:00:00Z,LAC,CC BY SA,,,hdl:11341/0000-0000-0000-2714
,hdl:11341/0000-0000-0000-272D,Walther Heissig,,,,,,,,,,
,hdl:11341/0000-0000-0000-275E,,,,,,,,,,,
,hdl:11341/0000-0000-0000-275F,,,,,,,,,,,
,hdl:11341/0000-0000-0000-2760,,,,,,,,,,,
2020-02-05T15:15:01Z,hdl:11341/0000-0000-0000-2737,Kesigbuyan,mvf,hdl:11341/0000-0000-0000-2718,How (Long Jigang) Married a Princess in the Flower Garden,"Tale Čečeg-ün küriyeleng-tü günǰü-lüge uruγlaγsan, “How (Long Jigang) Married a Princess in the Flower Garden”, 557 pp. On July 19-27, 1996 Rinčindorǰi recorded the tale from the recitation of the bard Kesigbuyan of West Baγarin. On October 2, 1998, Rinčindorǰi finished writing down the text. There is a lacuna in the transcription of the text.",1996-07-19T00:00:00Z,LAC,CC BY SA,,,hdl:11341/0000-0000-0000-2718
,hdl:11341/0000-0000-0000-2738,Walther Heissig,,,,,,,,,,
,hdl:11341/0000-0000-0000-2739,,,,,,,,,,,
,hdl:11341/0000-0000-0000-2767,,,,,,,,,,,
,hdl:11341/0000-0000-0000-2768,,,,,,,,,,,
2020-02-05T15:15:01Z,hdl:11341/0000-0000-0000-35B7,Asangba Reginald Taluah,dag,hdl:11341/0000-0000-0000-35B6,Grandmasters of the Drum. A literary linguistic analysis of the Dagbamba Panegyrics.,Selected Video Recordings of Dagbamba Panegyrics and some contextual excerps of the situation of performances. Audios and Transcriptions accompany some panegyric performances.,2020-01-01T00:00:00Z,LAC,CC BY,collection,collection,hdl:11341/0000-0000-0000-35B6
,hdl:11341/0000-0000-0000-35BA,,,,,,,,,,,
,hdl:11341/0000-0000-0000-35BC,,,,,,,,,,,
,hdl:11341/0000-0000-0000-35BF,,,,,,,,,,,
,hdl:11341/0000-0000-0000-35C2,,,,,,,,,,,
,hdl:11341/0000-0000-0000-35C5,,,,,,,,,,,
,hdl:11341/0000-0000-0000-35C7,,,,,,,,,,,
,hdl:11341/0000-0000-0000-35CB,,,,,,,,,,,
,hdl:11341/0000-0000-0000-35CF,,,,,,,,,,,
,hdl:11341/0000-0000-0000-35D2,,,,,,,,,,,
,hdl:11341/0000-0000-0000-35D5,,,,,,,,,,,
2020-02-05T15:15:01Z,hdl:11341/0000-0000-0000-35B8,Asangba Reginald Taluah,dag,hdl:11341/0000-0000-0000-35B7,Dakoli Nye Bia - Mother of Dagbamba praise poems,Recording by Asangba Reginald Taluah for Ph.D Dissertation,2018-03-01T00:00:00Z,LAC,CC BY,,,hdl:11341/0000-0000-0000-35B7
,hdl:11341/0000-0000-0000-35B9,,,,,,,,,,,
2020-02-05T15:15:01Z,hdl:11341/0000-0000-0000-2746,Nimaodzer,mvf,hdl:11341/0000-0000-0000-271E,The Story of The City of Wood/The Story of The City Where Sheep Are Herded,"Tale Modon qota / Muyang Cheng (牡羊成)-ün üliger. Mongolian: “The Story of The City of Wood“. / Chinese: “The Story of The City Where Sheep Are Herded“，511 pp. On August 9-10, 1995, Rinčindorǰi recorded the tale from the recitation of the bard Nimaodzer of West Baγarin. On December 10, 2010, Rinčindorǰi finished writing down the text",1995-08-09T00:00:00Z,LAC,CC BY SA,,,hdl:11341/0000-0000-0000-271E
,hdl:11341/0000-0000-0000-2747,Walther Heissig,,,,,,,,,,
,hdl:11341/0000-0000-0000-2748,,,,,,,,,,,
,hdl:11341/0000-0000-0000-2776,,,,,,,,,,,
,hdl:11341/0000-0000-0000-2777,,,,,,,,,,,
2020-02-05T15:15:01Z,hdl:11341/0000-0000-0000-365D,Ulrich Herbert,deu,hdl:11341/0000-0000-0000-35E3,OH-Interview with Eugen B.,Oral history Interview conducted 1980 by Ulrich Herbert in Essen.,1980-10-12T00:00:00Z,LAC,,,,hdl:11341/0000-0000-0000-35E3
,hdl:11341/0000-0000-0000-365E,,,,,,,,,,,
,hdl:11341/0000-0000-0000-365F,,,,,,,,,,,
,hdl:11341/0000-0000-0000-3660,,,,,,,,,,,
,hdl:11341/0000-0000-0000-3661,,,,,,,,,,,
,hdl:11341/0000-0000-0000-3662,,,,,,,,,,,
,hdl:11341/0000-0000-0000-3663,,,,,,,,,,,
,hdl:11341/0000-0000-0000-3664,,,,,,,,,,,
,hdl:11341/0000-0000-0000-3665,,,,,,,,,,,
2020-02-05T15:15:01Z,hdl:11341/00-0000-0000-0000-1E5D-3,Stefan Schnell,vra,hdl:11341/00-0000-0000-0000-1E58-5,"Multi-CAST Vera'a 'iswm' (""The Resurrection of Wōwut"")","Traditional narrative. Speaker VR07. Recorded in 2007 by Stefan Schnell in Vera'a village, Vanua Lava, Vanuatu. A traditional story about Wōwut and Meter, the mythical couple of Vera'a traditional oral literature. In this version, Wōwut dies and is then revived. The recording takes in the presence of the speaker's wife, who takes part in the performance by singing the traditional song within the narrative.",2015-05-01T00:00:00Z,LAC,CC BY NC SA,,,hdl:11341/00-0000-0000-0000-1E58-5
,hdl:11341/00-0000-0000-0000-1E5B-6,,,,,,,,,,,
,hdl:11341/00-0000-0000-0000-1E59-0,,,,,,,,,,,
,hdl:11341/00-0000-0000-0000-1E5C-F,,,,,,,,,,,
,hdl:11341/00-0000-0000-0000-1E5A-C,,,,,,,,,,,
2020-02-05T15:15:01Z,hdl:11341/0000-0000-0000-35D6,Asangba Reginald Taluah,dag,hdl:11341/0000-0000-0000-35D5,General Performance Context of the Dagbamba Panegyrics,Recording by Asangba Reginald Taluah for Ph.D Dissertation,2018-04-01T00:00:00Z,LAC,CC BY,,,hdl:11341/0000-0000-0000-35D5
,hdl:11341/0000-0000-0000-35D7,,,,,,,,,,,
2020-02-05T15:15:01Z,hdl:11341/0000-0000-0000-3DAE,Issak Cheikh Oukafi,taq,hdl:11341/0000-0000-0000-3DAD,Non-Structured Interview with Exya Alwateti Number 9,"Non-structured interview with Exya Alwateti, 71 years old, in Isawalen on the 10th and 11th of march 2011.",2011-03-11T00:00:00Z,LAC,,,,hdl:11341/0000-0000-0000-3DAD
,hdl:11341/0000-0000-0000-3DAF,,,,,,,,,,,
2020-02-05T15:15:01Z,hdl:11341/0000-0000-0000-3D96,Issak Cheikh Oukafi,taq,hdl:11341/0000-0000-0000-3D95,Non-Structured Interview with Exya Alwateti Number 2,"Non-structured interview with Exya Alwateti, 71 years old, in Eharir on the 28th of february 2011.",2011-02-28T00:00:00Z,LAC,,,,hdl:11341/0000-0000-0000-3D95
2020-02-05T15:15:01Z,hdl:11341/0000-0000-0000-3D85,Issak Cheikh Oukafi,taq,hdl:11341/0000-0000-0000-3D84,Structured Interview with Feru et Fatma,Structured interview with Feru et Fatma on the 16th of march 2011.,2011-03-16T00:00:00Z,LAC,,,,hdl:11341/0000-0000-0000-3D84
2020-02-05T15:15:01Z,hdl:11341/0000-0000-0000-36A5,Kay Gropp,deu,hdl:11341/0000-0000-0000-35E8,OH-Interview with Hildegard G.,Oral history Interview conducted 1985 by Kay Gropp in Hattingen.,1985-01-14T00:00:00Z,LAC,,,,hdl:11341/0000-0000-0000-35E8
,hdl:11341/0000-0000-0000-36A6,,,,,,,,,,,
,hdl:11341/0000-0000-0000-36A7,,,,,,,,,,,
,hdl:11341/0000-0000-0000-36A8,,,,,,,,,,,
,hdl:11341/0000-0000-0000-36A9,,,,,,,,,,,
,hdl:11341/0000-0000-0000-36AA,,,,,,,,,,,
,hdl:11341/0000-0000-0000-36AB,,,,,,,,,,,
,hdl:11341/0000-0000-0000-36AC,,,,,,,,,,,
,hdl:11341/0000-0000-0000-36AD,,,,,,,,,,,
,hdl:11341/0000-0000-0000-36AE,,,,,,,,,,,
,hdl:11341/0000-0000-0000-36AF,,,,,,,,,,,
,hdl:11341/0000-0000-0000-36B0,,,,,,,,,,,
,hdl:11341/0000-0000-0000-36B1,,,,,,,,,,,
,hdl:11341/0000-0000-0000-36B2,,,,,,,,,,,
,hdl:11341/0000-0000-0000-36B3,,,,,,,,,,,
2020-02-05T15:15:01Z,hdl:11341/0000-0000-0000-36C5,Gudun Klose,deu,hdl:11341/0000-0000-0000-35E9,OH-Interview with Herrmann M.,Oral history Interview conducted 1985 by Gudun Klose in Bochum.,1985-11-19T00:00:00Z,LAC,,,,hdl:11341/0000-0000-0000-35E9
,hdl:11341/0000-0000-0000-36C6,,,,,,,,,,,
,hdl:11341/0000-0000-0000-36C7,,,,,,,,,,,
,hdl:11341/0000-0000-0000-36C8,,,,,,,,,,,
,hdl:11341/0000-0000-0000-36C9,,,,,,,,,,,
,hdl:11341/0000-0000-0000-36CA,,,,,,,,,,,
,hdl:11341/0000-0000-0000-36CB,,,,,,,,,,,
,hdl:11341/0000-0000-0000-36CC,,,,,,,,,,,
,hdl:11341/0000-0000-0000-36CD,,,,,,,,,,,
2020-02-05T15:15:01Z,hdl:11341/0000-0000-0000-3710,Alexander von Plato,deu,hdl:11341/0000-0000-0000-35EC,OH-Interview with Johann V.,Oral history Interview conducted 1981 by Alexander von Plato in Essen.,1981-11-11T00:00:00Z,LAC,,,,hdl:11341/0000-0000-0000-35EC
,hdl:11341/0000-0000-0000-3711,,,,,,,,,,,
,hdl:11341/0000-0000-0000-3712,,,,,,,,,,,
,hdl:11341/0000-0000-0000-3713,,,,,,,,,,,
,hdl:11341/0000-0000-0000-3714,,,,,,,,,,,
,hdl:11341/0000-0000-0000-3715,,,,,,,,,,,
,hdl:11341/0000-0000-0000-3716,,,,,,,,,,,
,hdl:11341/0000-0000-0000-3717,,,,,,,,,,,
,hdl:11341/0000-0000-0000-3718,,,,,,,,,,,
,hdl:11341/0000-0000-0000-3719,,,,,,,,,,,
,hdl:11341/0000-0000-0000-371A,,,,,,,,,,,
,hdl:11341/0000-0000-0000-371B,,,,,,,,,,,
,hdl:11341/0000-0000-0000-371C,,,,,,,,,,,
,hdl:11341/0000-0000-0000-371D,,,,,,,,,,,
,hdl:11341/0000-0000-0000-371E,,,,,,,,,,,
2020-02-05T15:15:01Z,hdl:11341/0000-0000-0000-36B4,Nori Möding,deu,hdl:11341/0000-0000-0000-35F0,OH-Interview with Maria H.,Oral history Interview conducted 1987 by Nori Möding in Düsseldorf.,1987-11-12T00:00:00Z,LAC,,,,hdl:11341/0000-0000-0000-35F0
,hdl:11341/0000-0000-0000-36B5,,,,,,,,,,,
,hdl:11341/0000-0000-0000-36B6,,,,,,,,,,,
,hdl:11341/0000-0000-0000-36B7,,,,,,,,,,,
,hdl:11341/0000-0000-0000-36B8,,,,,,,,,,,
,hdl:11341/0000-0000-0000-36B9,,,,,,,,,,,
,hdl:11341/0000-0000-0000-36BA,,,,,,,,,,,
,hdl:11341/0000-0000-0000-36BB,,,,,,,,,,,
,hdl:11341/0000-0000-0000-36BC,,,,,,,,,,,
2020-02-05T15:15:01Z,hdl:11341/0000-0000-0000-36DD,Bernd Parisius,deu,hdl:11341/0000-0000-0000-35F1,OH-Interview with Meinardt R.,Oral history Interview conducted 1982 by Bernd Parisius in Essen.,1982-08-14T00:00:00Z,LAC,,,,hdl:11341/0000-0000-0000-35F1
,hdl:11341/0000-0000-0000-36DE,,,,,,,,,,,
,hdl:11341/0000-0000-0000-36DF,,,,,,,,,,,
,hdl:11341/0000-0000-0000-36E0,,,,,,,,,,,
,hdl:11341/0000-0000-0000-36E1,,,,,,,,,,,
,hdl:11341/0000-0000-0000-36E2,,,,,,,,,,,
,hdl:11341/0000-0000-0000-36E3,,,,,,,,,,,
,hdl:11341/0000-0000-0000-36E4,,,,,,,,,,,
,hdl:11341/0000-0000-0000-36E5,,,,,,,,,,,
,hdl:11341/0000-0000-0000-36E6,,,,,,,,,,,
,hdl:11341/0000-0000-0000-36E7,,,,,,,,,,,
,hdl:11341/0000-0000-0000-36E8,,,,,,,,,,,
,hdl:11341/0000-0000-0000-36E9,,,,,,,,,,,
,hdl:11341/0000-0000-0000-36EA,,,,,,,,,,,
,hdl:11341/0000-0000-0000-36EB,,,,,,,,,,,
2020-02-05T15:15:01Z,hdl:11341/0000-0000-0000-3701,Anne-Katrin Einfeldt,deu,hdl:11341/0000-0000-0000-35F2,OH-Interview with Maria S.,Oral history Interview conducted 1982 by Anne-Katrin Einfeldt in Gelsenkirchen.,1982-06-22T00:00:00Z,LAC,,,,hdl:11341/0000-0000-0000-35F2
,hdl:11341/0000-0000-0000-3702,,,,,,,,,,,
,hdl:11341/0000-0000-0000-3703,,,,,,,,,,,
,hdl:11341/0000-0000-0000-3704,,,,,,,,,,,
,hdl:11341/0000-0000-0000-3705,,,,,,,,,,,
,hdl:11341/0000-0000-0000-3706,,,,,,,,,,,
,hdl:11341/0000-0000-0000-3707,,,,,,,,,,,
,hdl:11341/0000-0000-0000-3708,,,,,,,,,,,
,hdl:11341/0000-0000-0000-3709,,,,,,,,,,,
,hdl:11341/0000-0000-0000-370A,,,,,,,,,,,
,hdl:11341/0000-0000-0000-370B,,,,,,,,,,,
,hdl:11341/0000-0000-0000-370C,,,,,,,,,,,
,hdl:11341/0000-0000-0000-370D,,,,,,,,,,,
,hdl:11341/0000-0000-0000-370E,,,,,,,,,,,
,hdl:11341/0000-0000-0000-370F,,,,,,,,,,,
2020-02-05T15:15:01Z,hdl:11341/0000-0000-0000-372E,Jutta Blank,deu,hdl:11341/0000-0000-0000-35F3,OH-Interview with Maria W.,Oral history Interview conducted 1981 by Jutta Blank in Mühlheim Ruhr.,1984-11-02T00:00:00Z,LAC,,,,hdl:11341/0000-0000-0000-35F3
,hdl:11341/0000-0000-0000-372F,,,,,,,,,,,
,hdl:11341/0000-0000-0000-3730,,,,,,,,,,,
,hdl:11341/0000-0000-0000-3731,,,,,,,,,,,
,hdl:11341/0000-0000-0000-3732,,,,,,,,,,,
,hdl:11341/0000-0000-0000-3733,,,,,,,,,,,
,hdl:11341/0000-0000-0000-3734,,,,,,,,,,,
,hdl:11341/0000-0000-0000-3735,,,,,,,,,,,
,hdl:11341/0000-0000-0000-3736,,,,,,,,,,,
2020-02-05T15:15:01Z,hdl:11341/0000-0000-0000-366F,Ulrich Herbert,deu,hdl:11341/0000-0000-0000-35F5,OH-Interview with Walter E.,Oral history Interview conducted 1982 by Ulrich Herbert in Essen.,1982-03-09T00:00:00Z,LAC,,,,hdl:11341/0000-0000-0000-35F5
,hdl:11341/0000-0000-0000-3670,,,,,,,,,,,
,hdl:11341/0000-0000-0000-3671,,,,,,,,,,,
,hdl:11341/0000-0000-0000-3672,,,,,,,,,,,
,hdl:11341/0000-0000-0000-3673,,,,,,,,,,,
,hdl:11341/0000-0000-0000-3674,,,,,,,,,,,
,hdl:11341/0000-0000-0000-3675,,,,,,,,,,,
,hdl:11341/0000-0000-0000-3676,,,,,,,,,,,
,hdl:11341/0000-0000-0000-3677,,,,,,,,,,,
2020-02-05T15:15:01Z,hdl:11341/0000-0000-0000-35D9,Lutz Niethammer,deu,hdl:11341/0000-0000-0000-35D8,Lebensgeschichte und Sozialkultur im Ruhrgebiet 1930 bis 1960 (LUSIR),Oral History Interviews zur Lebensgeschichte und Sozialkultur im Ruhrgebiet 1930 bis 1960 (LUSIR),2020-01-01T00:00:00Z,LAC,CC BY,collection,collection,hdl:11341/0000-0000-0000-35D8
,hdl:11341/0000-0000-0000-35DA,,,,,,,,,,,
,hdl:11341/0000-0000-0000-35DB,,,,,,,,,,,
,hdl:11341/0000-0000-0000-35DC,,,,,,,,,,,
,hdl:11341/0000-0000-0000-35DD,,,,,,,,,,,
,hdl:11341/0000-0000-0000-35DE,,,,,,,,,,,
,hdl:11341/0000-0000-0000-35DF,,,,,,,,,,,
,hdl:11341/0000-0000-0000-35E0,,,,,,,,,,,
,hdl:11341/0000-0000-0000-35E1,,,,,,,,,,,
,hdl:11341/0000-0000-0000-35E2,,,,,,,,,,,
,hdl:11341/0000-0000-0000-35E3,,,,,,,,,,,
,hdl:11341/0000-0000-0000-35E4,,,,,,,,,,,
,hdl:11341/0000-0000-0000-35E5,,,,,,,,,,,
,hdl:11341/0000-0000-0000-35E6,,,,,,,,,,,
,hdl:11341/0000-0000-0000-35E7,,,,,,,,,,,
,hdl:11341/0000-0000-0000-35E8,,,,,,,,,,,
,hdl:11341/0000-0000-0000-35E9,,,,,,,,,,,
,hdl:11341/0000-0000-0000-35EA,,,,,,,,,,,
,hdl:11341/0000-0000-0000-35EB,,,,,,,,,,,
,hdl:11341/0000-0000-0000-35EC,,,,,,,,,,,
,hdl:11341/0000-0000-0000-35ED,,,,,,,,,,,
,hdl:11341/0000-0000-0000-35EE,,,,,,,,,,,
,hdl:11341/0000-0000-0000-35EF,,,,,,,,,,,
,hdl:11341/0000-0000-0000-35F0,,,,,,,,,,,
,hdl:11341/0000-0000-0000-35F1,,,,,,,,,,,
,hdl:11341/0000-0000-0000-35F2,,,,,,,,,,,
,hdl:11341/0000-0000-0000-35F3,,,,,,,,,,,
,hdl:11341/0000-0000-0000-35F4,,,,,,,,,,,
,hdl:11341/0000-0000-0000-35F5,,,,,,,,,,,
,hdl:11341/0000-0000-0000-35F6,,,,,,,,,,,
2020-02-05T15:15:01Z,hdl:11341/0000-0000-0000-3D5F,Miranda Lalinde,hrx,hdl:11341/0000-0000-0000-3D5E,Hunsrik Sample 1,Recording and Interviews made by a local consultant in the municipality of Felipe Carrillo Puerto in the Mexican state of Quintana Roo,2021-12-05T00:00:00Z,LAC,CC BY,,,hdl:11341/0000-0000-0000-3D5E
,hdl:11341/0000-0000-0000-3D60,,,,,,,,,,,
,hdl:11341/0000-0000-0000-3D61,,,,,,,,,,,
,hdl:11341/0000-0000-0000-3D62,,,,,,,,,,,
,hdl:11341/0000-0000-0000-3D63,,,,,,,,,,,
,hdl:11341/0000-0000-0000-3D64,,,,,,,,,,,
2020-02-05T15:15:01Z,hdl:11341/0000-0000-0000-3D48,Miranda Lalinde,esp,hdl:11341/0000-0000-0000-3D47,Afrocuban Spanish 2,"Recording and Interviews made by a local consultant in the city of Havana, Cuba.",2021-11-27T00:00:00Z,LAC,CC BY,,,hdl:11341/0000-0000-0000-3D47
,hdl:11341/0000-0000-0000-3D49,,,,,,,,,,,
,hdl:11341/0000-0000-0000-3D4A,,,,,,,,,,,
,hdl:11341/0000-0000-0000-3D4B,,,,,,,,,,,
,hdl:11341/0000-0000-0000-3D4C,,,,,,,,,,,
,hdl:11341/0000-0000-0000-3D4D,,,,,,,,,,,
2020-02-05T15:15:01Z,hdl:11341/00-0000-0000-0000-1C85-F,Sonja Gipper,yuz,hdl:11341/00-0000-0000-0000-1BF5-D,Family Problems Gladis Elizabet,"Session containing the three parts of the Family Problems Picture Task. The session was filmed from two perspectives, front and bird's-eye. Additionally, there are two audio recordings, a normal one and one with separate channels for the two speakers.",2013-08-27T00:00:00Z,LAC,,,,hdl:11341/00-0000-0000-0000-1BF5-D
,hdl:11341/00-0000-0000-0000-1C84-0,,,,,,,,,,,
,hdl:11341/00-0000-0000-0000-1C83-1,,,,,,,,,,,
,hdl:11341/00-0000-0000-0000-1C88-1,,,,,,,,,,,
,hdl:11341/00-0000-0000-0000-1C86-5,,,,,,,,,,,
,hdl:11341/00-0000-0000-0000-1C87-3,,,,,,,,,,,
,hdl:11341/00-0000-0000-0000-1C00-2,,,,,,,,,,,
,hdl:11341/00-0000-0000-0000-1C01-5,,,,,,,,,,,
,hdl:11341/00-0000-0000-0000-1C03-0,,,,,,,,,,,
,hdl:11341/00-0000-0000-0000-1C04-A,,,,,,,,,,,
,hdl:11341/00-0000-0000-0000-1C02-5,,,,,,,,,,,
,hdl:11341/00-0000-0000-0000-1C06-4,,,,,,,,,,,
,hdl:11341/00-0000-0000-0000-1C05-C,,,,,,,,,,,
,hdl:11341/00-0000-0000-0000-1C08-7,,,,,,,,,,,
,hdl:11341/00-0000-0000-0000-1C07-5,,,,,,,,,,,
2020-02-05T15:15:01Z,hdl:11341/00-0000-0000-0000-1F00-5,Stefan Schnell,vra,hdl:11341/00-0000-0000-0000-1EFB-C,"Multi-CAST Vera'a 'isam' (""Maltetrag – A Man and the Reef"")","Traditional narrative. Speaker VR06. Recorded in 2007 by Stefan Schnell in Vera'a village, Vanua Lava, Vanuatu. A man goes fishing on the reef, but is shocked when it comes alive and moves towards the deep sea. The sentient reef takes him to the Torres Islands, northwest of Vanua Lava.",2015-05-01T00:00:00Z,LAC,CC BY NC SA,,,hdl:11341/00-0000-0000-0000-1EFB-C
,hdl:11341/00-0000-0000-0000-1EFD-2,,,,,,,,,,,
,hdl:11341/00-0000-0000-0000-1EFE-B,,,,,,,,,,,
,hdl:11341/00-0000-0000-0000-1EFF-E,,,,,,,,,,,
,hdl:11341/00-0000-0000-0000-1EFC-F,,,,,,,,,,,
2020-02-05T15:15:01Z,hdl:11341/00-0000-0000-0000-1E6B-3,Stefan Schnell,vra,hdl:11341/00-0000-0000-0000-1E6A-D,"Multi-CAST Vera'a 'pala' (""Married to a Devil"")","Traditional narrative. Speaker VR10. Recorded in 2007 by Stefan Schnell in Vera'a village, Vanua Lava, Vanuatu. A traditional story about two sisters marrying a young man who turns out to be a devil.",2015-05-01T00:00:00Z,LAC,CC BY NC SA,,,hdl:11341/00-0000-0000-0000-1E6A-D
,hdl:11341/00-0000-0000-0000-1E71-4,,,,,,,,,,,
,hdl:11341/00-0000-0000-0000-1E6E-8,,,,,,,,,,,
,hdl:11341/00-0000-0000-0000-1E6F-B,,,,,,,,,,,
,hdl:11341/00-0000-0000-0000-1E70-E,,,,,,,,,,,
,hdl:11341/00-0000-0000-0000-1E6D-F,,,,,,,,,,,
,hdl:11341/00-0000-0000-0000-1E6C-1,,,,,,,,,,,
2020-02-05T15:15:01Z,hdl:11341/00-0000-0000-0000-1F9C-6,Stefan Schnell,vra,hdl:11341/00-0000-0000-0000-1E3B-B,Multi-CAST Vera'a,"Vera’a (ISO 639-3: vra) is an Oceanic (Austronesian) language from the village of the same name on Vanua Lava (13.80° S 167.47° E), one of the Banks Islands in North Vanuatu. The language has approximately 450 speakers and is the first language of most inhabitants of Vera’a and the coast line to the north of it. Vera’a is closely related to the neighbouring language Vurës, and speakers of Vera’a also speak Vurës. Both languages have been extensively documented within a VolkswagenStiftung-funded DoBeS documentation project (2006-2012; PI: Dr. Catriona Hyslop-Malau). Vera’a has been the focus of Stefan Schnell’s PhD project at Kiel University (2007-2010), and Stefan has subsequently been undertaking additional documentary work on Vera’a as part of his ARC-funded DECRA project “Typology of Language Use (ARC grant no. DE120102017)” in 2012-2015, hosted by La Trobe University (Melbourne, Australia). A corpus of Vera’a is being compiled and curated by Stefan Schnell in close collaboration with speakers of the language and researchers of other disciplines from outside the community. This collection of texts constitutes a sub-corpus of the Vera’a corpus and is part of Multi-CAST. It consists of 11 folkloristic narrative texts collected and annotated by Stefan Schnell. Annotations include glossing according to the GRAID conventions (Haig and Schnell 2014) which constitute the foundation of quantitative investigations into argument realisation in discourse (see also Multi-CAST: Research and publications).",2018-01-01T00:00:00Z,LAC,CC BY NC SA,collection,collection,hdl:11341/00-0000-0000-0000-1E3B-B
,hdl:11341/00-0000-0000-0000-1EB3-0,,,,,,,,,,,
,hdl:11341/00-0000-0000-0000-1F25-3,,,,,,,,,,,
,hdl:11341/00-0000-0000-0000-1EB9-0,,,,,,,,,,,
,hdl:11341/00-0000-0000-0000-1EAD-B,,,,,,,,,,,
,hdl:11341/00-0000-0000-0000-1E3C-5,,,,,,,,,,,
,hdl:11341/00-0000-0000-0000-1EFB-C,,,,,,,,,,,
,hdl:11341/00-0000-0000-0000-1E58-5,,,,,,,,,,,
,hdl:11341/00-0000-0000-0000-1F19-C,,,,,,,,,,,
,hdl:11341/00-0000-0000-0000-1F01-0,,,,,,,,,,,
,hdl:11341/00-0000-0000-0000-1E6A-D,,,,,,,,,,,
2020-02-05T15:15:01Z,hdl:11341/0000-0000-0000-3D7E,Issak Cheikh Oukafi,taq,hdl:11341/0000-0000-0000-3D7C,Interviews about Rock Art,"The Interviews were made by Issak Oukafi Cheikh for his Master Thesis 'L'historie d'Eharir (Tassili n Azjer, Sahara) dans la perception locale de l'art rupestre'. He talked with several locals from the village Eharir in western Algeria in 2010/2011 about thier perception of ancient rock art in the region.",2022-01-01T00:00:00Z,"FAIR.rdm im SPP2143 ""Entangled Africa""",CC BY NC ND,collection,collection,hdl:11341/0000-0000-0000-3D7C
,hdl:11341/0000-0000-0000-3D80,,,,,,,,,,,
,hdl:11341/0000-0000-0000-3D82,,,,,,,,,,,
,hdl:11341/0000-0000-0000-3D84,,,,,,,,,,,
,hdl:11341/0000-0000-0000-3D86,,,,,,,,,,,
,hdl:11341/0000-0000-0000-3D8A,,,,,,,,,,,
,hdl:11341/0000-0000-0000-3D8C,,,,,,,,,,,
,hdl:11341/0000-0000-0000-3D8E,,,,,,,,,,,
,hdl:11341/0000-0000-0000-3D90,,,,,,,,,,,
,hdl:11341/0000-0000-0000-3D92,,,,,,,,,,,
,hdl:11341/0000-0000-0000-3D95,,,,,,,,,,,
,hdl:11341/0000-0000-0000-3D97,,,,,,,,,,,
,hdl:11341/0000-0000-0000-3D99,,,,,,,,,,,
,hdl:11341/0000-0000-0000-3D9B,,,,,,,,,,,
,hdl:11341/0000-0000-0000-3D9E,,,,,,,,,,,
,hdl:11341/0000-0000-0000-3DA1,,,,,,,,,,,
,hdl:11341/0000-0000-0000-3DA3,,,,,,,,,,,
,hdl:11341/0000-0000-0000-3DA6,,,,,,,,,,,
,hdl:11341/0000-0000-0000-3DA8,,,,,,,,,,,
,hdl:11341/0000-0000-0000-3DAD,,,,,,,,,,,
,hdl:11341/0000-0000-0000-3DB0,,,,,,,,,,,
,hdl:11341/0000-0000-0000-3DB3,,,,,,,,,,,
,hdl:11341/0000-0000-0000-3DB5,,,,,,,,,,,
,hdl:11341/0000-0000-0000-3DBA,,,,,,,,,,,
,hdl:11341/0000-0000-0000-3DBC,,,,,,,,,,,
,hdl:11341/0000-0000-0000-3DBF,,,,,,,,,,,
2020-02-05T15:15:01Z,hdl:11341/0000-0000-0000-3DC4,Birgit Hellwig,byx,hdl:11341/0000-0000-0000-3DC3,Qaqet Child Language Corpus: Longitudinal Study,"This corpus of the Qaqet language of Papua New Guinea was compiled as part of the project ‘Psycholinguistics and Language Documentation’ (2014-2022), generously funded by the Lichtenberg Program of the Volkswagen Foundation. Our project studies language acquisition and socialization among the Qaqet of Raunsepna and Kamanakam. Children in Raunsepna grow up with Qaqet as their dominant language (with the national language Tok Pisin playing a minor role), while children in Kamanakam grow up in a highly multilingual environment (with Tok Pisin playing a prominent role early on). The heart of the project is a longitudinal study of a number of focal children (between the ages of 2 and 4) and their older and younger siblings. Families videotaped their children, aiming for one hour each week over a period of at least one year. The goal was to record children in their typical day-to-day activities, and to thus gain an idea of their language environment and development over time. Due to the sensitive nature of child data, the data is not openly available, but it can be made available for research purposes upon request. For information, contact Birgit Hellwig (https://ifl.phil-fak.uni-koeln.de/allgemeine-sprachwissenschaft/personen/prof-dr-birgit-hellwig) and visit our archival collection site at the Data Center for the Humanities (https://dch.phil-fak.uni-koeln.de/language-data/qaqet-child-language-corpus).",2023-01-01T00:00:00Z,LAC,CC BY,collection,collection,hdl:11341/0000-0000-0000-3DC3
,,Carmen Dawuda,,,,,,,,,,
,,Henrike Frye,,,,,,,,,,
,,Steffen Reetz,,,,,,,,,,
2020-02-05T15:15:01Z,hdl:11341/00-0000-0000-0000-1B2A-D,Birgit Hellwig,zag,hdl:11341/00-0000-0000-0000-1AE6-7,Bodyparts 2,"Second session about body parts, continuing with the word list used in the first session (ZAG_EOI_20141009_1)",2014-10-16T00:00:00Z,LAC,,,,hdl:11341/00-0000-0000-0000-1AE6-7
,hdl:11341/00-0000-0000-0000-1B2B-5,,,,,,,,,,,
2020-02-05T15:15:01Z,hdl:11341/00-0000-0000-0000-1B5F-0,Birgit Hellwig,zag,hdl:11341/00-0000-0000-0000-1AFF-9,Bodyparts and their tones 1,Elicitation of sing./pl.-forms of bodyparts to hear different tone types by speaking in contrast,2014-10-16T00:00:00Z,LAC,,,,hdl:11341/00-0000-0000-0000-1AFF-9
,hdl:11341/00-0000-0000-0000-1B60-A,,,,,,,,,,,
2020-02-05T15:15:01Z,hdl:11341/00-0000-0000-0000-1AE5-2,Birgit Hellwig,zag,hdl:11341/00-0000-0000-0000-1AC6-9,Zaghawa,"This corpus of the Zaghawa-Wagi language of Sudan was compiled during the MA-level field methods course 42666 Probleme und Methodik der empirischen Sprachbeschreibung (Feldforschung) (winter term 2014/15) at the Department of Linguistics, University of Cologne. Data collection took place between October 2014 an d April 2015. This data represents an earlier, non revised version of the current, updated Beria Corpus (https://doi.org/10.18716/dch/a.00000042 , https://doi.org/10.18716/dch/a.00000043 , https://doi.org/10.18716/dch/a.00000044 , https://doi.org/10.18716/dch/a.00000045 ).",2018-01-01T00:00:00Z,LAC,,collection,collection,hdl:11341/00-0000-0000-0000-1AC6-9
,hdl:11341/00-0000-0000-0000-1AE6-7,,,,,,,,,,,
,hdl:11341/00-0000-0000-0000-1AFF-9,,,,,,,,,,,
2020-02-05T15:15:01Z,hdl:11341/00-0000-0000-0000-1AD5-6,Katja Hannß,caw,hdl:11341/00-0000-0000-0000-1AD4-9,Etymological Kallawaya Dictionary,This is a comprehensive etymological dictionary of the mixed and secret Kallawaya language of north-western Bolivia.,2015-01-01T00:00:00Z,LAC,https://en.wikipedia.org/wiki/Copyright,collection,collection,hdl:11341/00-0000-0000-0000-1AD4-9
2020-02-05T15:15:01Z,hdl:11341/0000-0000-0000-272A,Damrin,mvf,hdl:11341/0000-0000-0000-2713,The Story of the Golden State,"Tale Altan ulus-un shastir “The Story of the Golden State“, 546 pp. In December 1993, Rinčindorǰi recorded the tale from the recitation of the bard Damrin of Baɣarin West Banner. On March 1995, Rinčindorǰi finished writing down the text. He also added notes to the text.",1993-12-01T00:00:00Z,LAC,CC BY SA,,,hdl:11341/0000-0000-0000-2713
,hdl:11341/0000-0000-0000-272B,Walther Heissig,,,,,,,,,,
,hdl:11341/0000-0000-0000-275B,,,,,,,,,,,
,hdl:11341/0000-0000-0000-275C,,,,,,,,,,,
,hdl:11341/0000-0000-0000-275D,,,,,,,,,,,
2020-02-05T15:15:01Z,http://mongoltales.awk.nrw.de/,Walther Heissig,mvf,hdl:11341/0000-0000-0000-271F,Oral Tales of Mongolian Bards,"The project “Oral Tales of Mongolian Bards” focuses on oral tales performed by bards of eastern Inner Mongolia, including epic poems and tales based on Chinese adventure novels, known as quγur-un üliger (huuriin üliger) “tales of the fiddle”, viz. tales accompanied by the music of the four-stringed fiddle (quγur, huur).The tales form a small portion of a larger collection of tales, oral histories of bards, and ritual songs of Qorčin (Horchin) Mongol shamans. The collection is currently preserved at the North-Rhine Westphalian Academy of Sciences and Arts in Düsseldorf. As to how the tales became a collection, in 1984, 1986, 1991, and 1995, the late Professor Walther Heissig (Bonn University), recorded part of the tales on tapes from the oral performance of bards (quγurči, huurchi, the fiddle player) in different regions of eastern Inner Mongolia. Other tales were recorded by his assistants Professor Rinčindorǰi of Baγarin (Baarin; Chinese Academy of Social Sciences, Beijing), and Mr. Nima of Jarud (Mongolian folklore specialist, Beijing). During their stays in Bonn, from 1992 to 1997, Professor Rinčindorǰi and Mr. Nima carried out the task of writing down in Mongolian the great majority of the tales in 90 large-sized notebooks. In 2010, Professor Rinčindorǰi also transcribed the two tales Modon qota / Muyang Cheng (牡羊成)-ün üliger. Mongolian: “The Story of the City of Wood“ / Chinese: “The Story of the City where Sheep are Herded“, and “The Story of the Tang Lama-priest” (Tangsuγ /Tangseng lama-yin üliger). In 2011, Professor Čoγtu (Central University for Nationalities, Beijing), provided a new transcription of Kusi ǰuwan (Kuxi zhuan)-u-nige bölög “A Chapter in the Story of Pain and Joy”. After Professor Walther Heissig died in 2005, in accordance with his wishes, the entire collection of tapes and transcriptions was donated to the North-Rhine Westphalian Academy of Sciences and Arts in Düsseldorf in 2006. The collection presented here contains digitized tape recordings and scans of the respective transcripts. Catalogue descriptions are provided by Dr. Elisabetta Chiodo (University of Bonn).",2019-01-01T00:00:00Z,LAC,CC BY SA,collection,collection,hdl:11341/0000-0000-0000-271F
,hdl:11341/0000-0000-0000-2711,Klaus Sagaster,,,,,,,,,,
,hdl:11341/0000-0000-0000-2712,,,,,,,,,,,
,hdl:11341/0000-0000-0000-2713,,,,,,,,,,,
,hdl:11341/0000-0000-0000-2714,,,,,,,,,,,
,hdl:11341/0000-0000-0000-2715,,,,,,,,,,,
,hdl:11341/0000-0000-0000-2716,,,,,,,,,,,
,hdl:11341/0000-0000-0000-2717,,,,,,,,,,,
,hdl:11341/0000-0000-0000-2718,,,,,,,,,,,
,hdl:11341/0000-0000-0000-2719,,,,,,,,,,,
,hdl:11341/0000-0000-0000-271A,,,,,,,,,,,
,hdl:11341/0000-0000-0000-271B,,,,,,,,,,,
,hdl:11341/0000-0000-0000-271C,,,,,,,,,,,
,hdl:11341/0000-0000-0000-271D,,,,,,,,,,,
,hdl:11341/0000-0000-0000-271E,,,,,,,,,,,
,hdl:11341/0000-0000-0000-2720,,,,,,,,,,,
,hdl:11341/0000-0000-0000-2721,,,,,,,,,,,
,hdl:11341/0000-0000-0000-2722,,,,,,,,,,,
,hdl:11341/0000-0000-0000-2723,,,,,,,,,,,
2020-02-05T15:15:01Z,hdl:11341/0000-0000-0000-2734,Sereng,mvf,hdl:11341/0000-0000-0000-2717,Enlightened Era Khan,"Epic Tales Bodi-ɣalab qaɣan “Enlightened Era Khan” and Altan-ɣalab qaɣan “Golden Era Khan”, 894 pp. In September 1986 in Tongliao, Walther Heissig, Veronika Veit and Nima recorded the two epic poems from the recitation of the bard Sereng of Murui-yin Süme (Muruiin Süm) Tongliao. Nima’s transcription of the texts is undated. Pages from Tale Bodi-ɣalab qaɣan are 1 - 590.",1986-09-01T00:00:00Z,LAC,CC BY SA,,,hdl:11341/0000-0000-0000-2717
,hdl:11341/0000-0000-0000-2735,Walther Heissig,,,,,,,,,,
,hdl:11341/0000-0000-0000-2736,,,,,,,,,,,
,hdl:11341/0000-0000-0000-2765,,,,,,,,,,,
,hdl:11341/0000-0000-0000-2766,,,,,,,,,,,
2020-02-05T15:15:01Z,hdl:11341/0000-0000-0000-273E,Uuɣanbayar,mvf,hdl:11341/0000-0000-0000-271B,The Holy Geser,"Tale Geser Boɣda “The Holy Geser”, 156 pp. On June 6, 1996 in Sibartai District, Rinčindorǰi recorded the text from the recitation of the bard Uuɣanbayar of Baɣarin West Banner. On November 27, 1997, Rinčindorǰi finished writing down the text.",1996-06-06T00:00:00Z,LAC,CC BY SA,,,hdl:11341/0000-0000-0000-271B
,hdl:11341/0000-0000-0000-273F,Walther Heissig,,,,,,,,,,
,hdl:11341/0000-0000-0000-2740,,,,,,,,,,,
,hdl:11341/0000-0000-0000-276F,,,,,,,,,,,
,hdl:11341/0000-0000-0000-2770,,,,,,,,,,,
2020-02-05T15:15:01Z,hdl:11341/0000-0000-0000-2744,Kesigbuyan,mvf,hdl:11341/0000-0000-0000-271D,Tale of the Liang Dynasty: How Zhao Shan Recruited an Army of Volunteers,"Tale Liyang ulus-un üliger, “Tale of the Liang Dynasty: How Zhao Shan Recruited an Army of Volunteers”, 557 pp. On 18-19 July 1994, Rinčindorǰi recorded the tale from the recitation of the bard Kesigbuyan of Baɣarin West Banner. On March 12, 1995, Rinčindorǰi finished writing down the text.",1994-07-18T00:00:00Z,LAC,CC BY SA,,,hdl:11341/0000-0000-0000-271D
,hdl:11341/0000-0000-0000-2745,Walther Heissig,,,,,,,,,,
,hdl:11341/0000-0000-0000-2773,,,,,,,,,,,
,hdl:11341/0000-0000-0000-2774,,,,,,,,,,,
,hdl:11341/0000-0000-0000-2775,,,,,,,,,,,
2020-02-05T15:15:01Z,hdl:11341/00-0000-0000-0000-0D9C-F,Felix Rau,gaq,hdl:11341/00-0000-0000-0000-0D98-7,Chakravarti Gtaq Data 2,Recordings digitised on CD 2 of Chakravarti Gtaq field recordings,Unknown,LAC,https://en.wikipedia.org/wiki/Copyright,,,hdl:11341/00-0000-0000-0000-0D98-7
,hdl:11341/00-0000-0000-0000-0D9A-E,,,,,,,,,,,
,hdl:11341/00-0000-0000-0000-0D99-E,,,,,,,,,,,
2020-02-05T15:15:01Z,hdl:11341/00-0000-0000-0000-0D97-2,Felix Rau,gaq,hdl:11341/00-0000-0000-0000-0D93-7,Chakravarti Gtaq Data 3,Recordings digitised on CD 3 of Chakravarti Gtaq field recordings,Unknown,LAC,https://en.wikipedia.org/wiki/Copyright,,,hdl:11341/00-0000-0000-0000-0D93-7
,hdl:11341/00-0000-0000-0000-0D94-E,,,,,,,,,,,
,hdl:11341/00-0000-0000-0000-0D95-6,,,,,,,,,,,
2020-02-05T15:15:01Z,hdl:11341/0000-0000-0000-3D93,Issak Cheikh Oukafi,taq,hdl:11341/0000-0000-0000-3D92,Non-Structured Interview with Exya Alwateti Number 3,"Non-structured interview with Exya Alwateti, 71 years old, in Eharir on the 1st of march 2011.",2011-03-01T00:00:00Z,LAC,,,,hdl:11341/0000-0000-0000-3D92
,hdl:11341/0000-0000-0000-3D94,,,,,,,,,,,
2020-02-05T15:15:01Z,hdl:11341/0000-0000-0000-3DA9,Issak Cheikh Oukafi,taq,hdl:11341/0000-0000-0000-3DA8,Non-Structured Interview with Exya Alwateti Number 5,"Non-structured interview with Exya Alwateti, 71 years old, in Tadjlahin on the 3rd and 4th of march 2011.",2011-03-04T00:00:00Z,LAC,,,,hdl:11341/0000-0000-0000-3DA8
,hdl:11341/0000-0000-0000-3DAA,,,,,,,,,,,
,hdl:11341/0000-0000-0000-3DAB,,,,,,,,,,,
,hdl:11341/0000-0000-0000-3DAC,,,,,,,,,,,
2020-02-05T15:15:01Z,hdl:11341/0000-0000-0000-3DC0,Issak Cheikh Oukafi,taq,hdl:11341/0000-0000-0000-3DBF,Structured Interview with Teglenet walt Kado,Structured interview with Teglenet walt Kado on the 20th of march 2011.,2011-03-20T00:00:00Z,LAC,,,,hdl:11341/0000-0000-0000-3DBF
,hdl:11341/0000-0000-0000-3DC1,,,,,,,,,,,
,hdl:11341/0000-0000-0000-3DC2,,,,,,,,,,,
2020-02-05T15:15:01Z,hdl:11341/0000-0000-0000-3DB1,Issak Cheikh Oukafi,taq,hdl:11341/0000-0000-0000-3DB0,Structured Interview with Jidar Moxtar,Structured interview with Jidar Moxtar on the 19th of march 2011.,2011-03-19T00:00:00Z,LAC,,,,hdl:11341/0000-0000-0000-3DB0
,hdl:11341/0000-0000-0000-3DB2,,,,,,,,,,,
2020-02-05T15:15:01Z,hdl:11341/0000-0000-0000-273A,Gawa (Dorǰigawa),mvf,hdl:11341/0000-0000-0000-2719,The Story of Činggis,"Tale Činggis-ün üliger “The Story of Činggis”, pp. 1-8. Walther Heissig recorded the tale from the recitation of the bard Gawa (Dorǰigawa) of Qorčin West Wing South Banner, living in Alašan. In the spring of 2007 Nima wrote down the text recited by the bard Gawa",1984-08-27T00:00:00Z,LAC,CC BY SA,,,hdl:11341/0000-0000-0000-2719
,hdl:11341/0000-0000-0000-273B,Walther Heissig,,,,,,,,,,
,hdl:11341/0000-0000-0000-2769,,,,,,,,,,,
,hdl:11341/0000-0000-0000-276A,,,,,,,,,,,
,hdl:11341/0000-0000-0000-276B,,,,,,,,,,,
2020-02-05T15:15:01Z,hdl:11341/0000-0000-0000-35D0,Asangba Reginald Taluah,dag,hdl:11341/0000-0000-0000-35CF,Panegyric in Honour of Naa Zangina,Recording by Asangba Reginald Taluah for Ph.D Dissertation,2018-03-01T00:00:00Z,LAC,CC BY,,,hdl:11341/0000-0000-0000-35CF
,hdl:11341/0000-0000-0000-35D1,,,,,,,,,,,
2020-02-05T15:15:01Z,hdl:11341/0000-0000-0000-3DA2,Issak Cheikh Oukafi,taq,hdl:11341/0000-0000-0000-3DA1,Structured Interview with Angor Mohamed,Structured interview with Angor Mohamed on the 22nd of march 2011.,2011-03-22T00:00:00Z,LAC,,,,hdl:11341/0000-0000-0000-3DA1
2020-02-05T15:15:01Z,hdl:11341/0000-0000-0000-35F7,Alexander von Plato,deu,hdl:11341/0000-0000-0000-35DA,OH-Interview with Änne B.,Oral history Interview conducted 1982 by Alexander von Plato in Bottrop.,1982-03-11T00:00:00Z,LAC,,,,hdl:11341/0000-0000-0000-35DA
,hdl:11341/0000-0000-0000-35F8,,,,,,,,,,,
,hdl:11341/0000-0000-0000-35F9,,,,,,,,,,,
,hdl:11341/0000-0000-0000-35FA,,,,,,,,,,,
,hdl:11341/0000-0000-0000-35FB,,,,,,,,,,,
,hdl:11341/0000-0000-0000-35FC,,,,,,,,,,,
,hdl:11341/0000-0000-0000-35FD,,,,,,,,,,,
,hdl:11341/0000-0000-0000-35FE,,,,,,,,,,,
,hdl:11341/0000-0000-0000-35FF,,,,,,,,,,,
2020-02-05T15:15:01Z,hdl:11341/0000-0000-0000-36FB,Alexander von Plato,deu,hdl:11341/0000-0000-0000-35DC,OH-Interview with Albert S.,Oral history Interview conducted 1982 by Alexander von Plato in Essen.,1982-08-14T00:00:00Z,LAC,,,,hdl:11341/0000-0000-0000-35DC
,hdl:11341/0000-0000-0000-36FC,,,,,,,,,,,
,hdl:11341/0000-0000-0000-36FD,,,,,,,,,,,
,hdl:11341/0000-0000-0000-36FE,,,,,,,,,,,
,hdl:11341/0000-0000-0000-36FF,,,,,,,,,,,
,hdl:11341/0000-0000-0000-3700,,,,,,,,,,,
2020-02-05T15:15:01Z,hdl:11341/0000-0000-0000-360C,Ulrich Herbert,deu,hdl:11341/0000-0000-0000-35E5,OH-Interview with Hermann B.,Oral history Interview conducted 1981 by Ulrich Herbert in Mühlheim/Ruhr.,1981-11-04T00:00:00Z,LAC,,,,hdl:11341/0000-0000-0000-35E5
,hdl:11341/0000-0000-0000-360D,,,,,,,,,,,
,hdl:11341/0000-0000-0000-360E,,,,,,,,,,,
,hdl:11341/0000-0000-0000-360F,,,,,,,,,,,
,hdl:11341/0000-0000-0000-3610,,,,,,,,,,,
,hdl:11341/0000-0000-0000-3611,,,,,,,,,,,
,hdl:11341/0000-0000-0000-3612,,,,,,,,,,,
,hdl:11341/0000-0000-0000-3613,,,,,,,,,,,
,hdl:11341/0000-0000-0000-3614,,,,,,,,,,,
,hdl:11341/0000-0000-0000-3615,,,,,,,,,,,
,hdl:11341/0000-0000-0000-3616,,,,,,,,,,,
,hdl:11341/0000-0000-0000-3617,,,,,,,,,,,
2020-02-05T15:15:01Z,hdl:11341/0000-0000-0000-3690,Alexander von Plato,deu,hdl:11341/0000-0000-0000-35F6,OH-Interview with Walter F.,Oral history Interview conducted 1981 by Alexander von Plato in Hattingen.,1981-12-16T00:00:00Z,LAC,,,,hdl:11341/0000-0000-0000-35F6
,hdl:11341/0000-0000-0000-3691,,,,,,,,,,,
,hdl:11341/0000-0000-0000-3692,,,,,,,,,,,
,hdl:11341/0000-0000-0000-3693,,,,,,,,,,,
,hdl:11341/0000-0000-0000-3694,,,,,,,,,,,
,hdl:11341/0000-0000-0000-3695,,,,,,,,,,,
2020-02-05T15:15:01Z,hdl:11341/0000-0000-0000-3D4F,Miranda Lalinde,quy,hdl:11341/0000-0000-0000-3D4E,Chanka Quechua Sample 1,Recording and Interviews made by a local consultant in Lima in 2021.,2021-11-25T00:00:00Z,LAC,CC BY,,,hdl:11341/0000-0000-0000-3D4E
,hdl:11341/0000-0000-0000-3D50,,,,,,,,,,,
,hdl:11341/0000-0000-0000-3D51,,,,,,,,,,,
,hdl:11341/0000-0000-0000-3D52,,,,,,,,,,,
,hdl:11341/0000-0000-0000-3D53,,,,,,,,,,,
,hdl:11341/0000-0000-0000-3D54,,,,,,,,,,,
,hdl:11341/0000-0000-0000-3D55,,,,,,,,,,,
2020-02-05T15:15:01Z,hdl:11341/0000-0000-0000-3D3A,Miranda Lalinde,prt,hdl:11341/0000-0000-0000-3D39,Afrobrazilian Portuguese Sample 2,Recording and Interviews made by a local consultant in Lima in 2021.,2021-11-27T00:00:00Z,LAC,CC BY,,,hdl:11341/0000-0000-0000-3D39
,hdl:11341/0000-0000-0000-3D3B,,,,,,,,,,,
,hdl:11341/0000-0000-0000-3D3C,,,,,,,,,,,
,hdl:11341/0000-0000-0000-3D3D,,,,,,,,,,,
,hdl:11341/0000-0000-0000-3D3E,,,,,,,,,,,
,hdl:11341/0000-0000-0000-3D3F,,,,,,,,,,,
2020-02-05T15:15:01Z,hdl:11341/0000-0000-0000-3D32,Miranda Lalinde,prt,hdl:11341/0000-0000-0000-3D31,Documentation of language variety in Latin America and the Caribbean,The recordings in this collection were done with the help of a network of local consultants. It captures the language variety of the continent with examples from indigenous languages and different varieties of Spanish and Portuguese.,2022-01-01T00:00:00Z,LAC,CC BY,collection,collection,hdl:11341/0000-0000-0000-3D31
,hdl:11341/0000-0000-0000-3D39,,esp,,,,,,,,,
,hdl:11341/0000-0000-0000-3D40,,quy,,,,,,,,,
,hdl:11341/0000-0000-0000-3D47,,hrx,,,,,,,,,
,hdl:11341/0000-0000-0000-3D4E,,yua,,,,,,,,,
,hdl:11341/0000-0000-0000-3D56,,,,,,,,,,,
,hdl:11341/0000-0000-0000-3D5E,,,,,,,,,,,
,hdl:11341/0000-0000-0000-3D65,,,,,,,,,,,
,hdl:11341/0000-0000-0000-3D6C,,,,,,,,,,,
,hdl:11341/0000-0000-0000-3D74,,,,,,,,,,,
2020-02-05T15:15:01Z,hdl:11341/0000-0000-0000-4087,Jakob Halfmann,bsh,hdl:11341/0000-0000-0000-4086,Katë Proverbs,"These recordings were made between 28 June and 1 July 2022 in Chitral Town, Pakistan. The base of the recordings is the book ""Kšulō̃ Vëri"" ('Words of the Wise'), a collection of Katë proverbs with Urdu translations, compiled by Abdul Nasir Mansur under the auspices of the Pakistani NGO ""Forum for Language Initiatives"" (FLI). The dialect of these recordings is the Northeastern dialect of Bumboret Shekhandeh.",2022-06-28T00:00:00Z,LAC,,,,hdl:11341/0000-0000-0000-4086
,hdl:11341/0000-0000-0000-4088,Abdul Nasir Mansur,,,,,,,,,,
,hdl:11341/0000-0000-0000-4089,,,,,,,,,,,
,hdl:11341/0000-0000-0000-4090,,,,,,,,,,,
,hdl:11341/0000-0000-0000-4091,,,,,,,,,,,
,hdl:11341/0000-0000-0000-4092,,,,,,,,,,,
,hdl:11341/0000-0000-0000-4093,,,,,,,,,,,
,hdl:11341/0000-0000-0000-4094,,,,,,,,,,,
,hdl:11341/0000-0000-0000-4095,,,,,,,,,,,
,hdl:11341/0000-0000-0000-4096,,,,,,,,,,,
,hdl:11341/0000-0000-0000-4097,,,,,,,,,,,
,hdl:11341/0000-0000-0000-4098,,,,,,,,,,,
,hdl:11341/0000-0000-0000-4099,,,,,,,,,,,
,hdl:11341/0000-0000-0000-40A0,,,,,,,,,,,
,hdl:11341/0000-0000-0000-40A1,,,,,,,,,,,
,hdl:11341/0000-0000-0000-40A2,,,,,,,,,,,
,hdl:11341/0000-0000-0000-40A3,,,,,,,,,,,
,hdl:11341/0000-0000-0000-40A4,,,,,,,,,,,
,hdl:11341/0000-0000-0000-40A5,,,,,,,,,,,
,hdl:11341/0000-0000-0000-40A6,,,,,,,,,,,
,hdl:11341/0000-0000-0000-40A7,,,,,,,,,,,
,hdl:11341/0000-0000-0000-40A8,,,,,,,,,,,
,hdl:11341/0000-0000-0000-40A9,,,,,,,,,,,
,hdl:11341/0000-0000-0000-40B0,,,,,,,,,,,
2020-02-05T15:15:01Z,hdl:11341/0000-0000-0000-2755,Aleksandr Leonovič Grjunberg,wbk,hdl:11341/0000-0000-0000-2754,Nuristani Kalasha songs,"Recordings made by Grjunberg in Kabul in 1992, we receive a copy of the recording on tape from Almuth Degener.",1992-02-17T00:00:00Z,LAC,CC BY,,,hdl:11341/0000-0000-0000-2754
,hdl:11341/0000-0000-0000-2756,,,,,,,,,,,
2020-02-05T15:15:01Z,hdl:11341/00-0000-0000-0000-1C75-1,Sonja Gipper,yuz,hdl:11341/00-0000-0000-0000-1BF9-6,Family Problems Benancio and Celia,"Session containing the three parts of the Family Problems Picture Task. The session was filmed from two perspectives, front and bird's-eye. Additionally, there are two audio recordings, a normal one and one with separate channels for the two speakers.",2013-08-28T00:00:00Z,LAC,,,,hdl:11341/00-0000-0000-0000-1BF9-6
,hdl:11341/00-0000-0000-0000-1C76-0,,,,,,,,,,,
,hdl:11341/00-0000-0000-0000-1C71-6,,,,,,,,,,,
,hdl:11341/00-0000-0000-0000-1C72-4,,,,,,,,,,,
,hdl:11341/00-0000-0000-0000-1C73-B,,,,,,,,,,,
,hdl:11341/00-0000-0000-0000-1C74-3,,,,,,,,,,,
,hdl:11341/00-0000-0000-0000-1C24-1,,,,,,,,,,,
,hdl:11341/00-0000-0000-0000-1C25-4,,,,,,,,,,,
,hdl:11341/00-0000-0000-0000-1C17-4,,,,,,,,,,,
,hdl:11341/00-0000-0000-0000-1C18-6,,,,,,,,,,,
,hdl:11341/00-0000-0000-0000-1C16-5,,,,,,,,,,,
,hdl:11341/00-0000-0000-0000-1C19-F,,,,,,,,,,,
,hdl:11341/00-0000-0000-0000-1C14-5,,,,,,,,,,,
,hdl:11341/00-0000-0000-0000-1C13-F,,,,,,,,,,,
,hdl:11341/00-0000-0000-0000-1C12-7,,,,,,,,,,,
2020-02-05T15:15:01Z,hdl:11341/00-0000-0000-0000-1C8B-B,Sonja Gipper,yuz,hdl:11341/00-0000-0000-0000-1BF7-9,Family Problems Jedeón and Juan Carlos,"Session containing the three parts of the Family Problems Picture Task. The session was filmed from two perspectives, front and bird's-eye. Additionally, there are two audio recordings, a normal one and one with separate channels for the two speakers.",2013-08-29T00:00:00Z,LAC,,,,hdl:11341/00-0000-0000-0000-1BF7-9
,hdl:11341/00-0000-0000-0000-1C8A-6,,,,,,,,,,,
,hdl:11341/00-0000-0000-0000-1C8C-9,,,,,,,,,,,
,hdl:11341/00-0000-0000-0000-1C89-F,,,,,,,,,,,
,hdl:11341/00-0000-0000-0000-1C8D-7,,,,,,,,,,,
,hdl:11341/00-0000-0000-0000-1C8E-0,,,,,,,,,,,
,hdl:11341/00-0000-0000-0000-1C30-5,,,,,,,,,,,
,hdl:11341/00-0000-0000-0000-1C2F-E,,,,,,,,,,,
,hdl:11341/00-0000-0000-0000-1C37-B,,,,,,,,,,,
,hdl:11341/00-0000-0000-0000-1C36-9,,,,,,,,,,,
,hdl:11341/00-0000-0000-0000-1C35-F,,,,,,,,,,,
,hdl:11341/00-0000-0000-0000-1C34-6,,,,,,,,,,,
,hdl:11341/00-0000-0000-0000-1C31-3,,,,,,,,,,,
,hdl:11341/00-0000-0000-0000-1C32-1,,,,,,,,,,,
,hdl:11341/00-0000-0000-0000-1C33-4,,,,,,,,,,,
2020-02-05T15:15:01Z,hdl:11341/0000-0000-0000-274C,Rinčin,mvf,hdl:11341/0000-0000-0000-2721,The Chapter on how Orčilang-un Sayiqan Mingγan Took Alive and Brought Back the Powerful Kürmün Khan,"Tale Orcilang-un Sayiqan Mingγan “The Chapter on how Orčilang-un Sayiqan Mingγan Took Alive and Brought Back the Powerful Kürmün Khan”, 129 pp. Walther Heissig recorded the tale from the recitation of the bard Rinčin of Baγarin West Banner. On December 5, 1992, Rinčindorǰi finished writing down the text.",1991-09-09T00:00:00Z,LAC,CC BY SA,,,hdl:11341/0000-0000-0000-2721
,hdl:11341/0000-0000-0000-274D,Walther Heissig,,,,,,,,,,
,hdl:11341/0000-0000-0000-277A,,,,,,,,,,,
,hdl:11341/0000-0000-0000-277B,,,,,,,,,,,
,hdl:11341/0000-0000-0000-277C,,,,,,,,,,,
2020-02-05T15:15:01Z,hdl:11341/0000-0000-0000-272E,B. Dorǰi,mvf,hdl:11341/0000-0000-0000-2715,The Story of the Western Liang State,"Tale Baraɣun liyang ulus-un üliger “The Story of the Western Liang State”, 180 pp. In 1991 in Silinqota, Walther Heissig recorded the tale from the recitation of the bard B. Dorǰi of Aru Qorčin. On March 25, 1992, Rinčindorǰi finished writing down the text. Rinčindorǰi also added notes to the text.",1991-01-01T00:00:00Z,LAC,CC BY SA,,,hdl:11341/0000-0000-0000-2715
,hdl:11341/0000-0000-0000-272F,Walther Heissig,,,,,,,,,,
,hdl:11341/0000-0000-0000-2730,,,,,,,,,,,
,hdl:11341/0000-0000-0000-2761,,,,,,,,,,,
,hdl:11341/0000-0000-0000-2762,,,,,,,,,,,
2020-02-05T15:15:01Z,hdl:11341/0000-0000-0000-273C,Bai Suo,mvf,hdl:11341/0000-0000-0000-271A,Da Xian Guan,"Tale Da Siyan Γuan ""Da Xian Guan"", 66 pp. In the autumn of 1986 in Tongliao Walther Heissig recorded the text from the recitation of the bard Bai Suo (1937-1992) of ǰarud. Nima finished writing down the text.",1986-01-01T00:00:00Z,LAC,CC BY SA,,,hdl:11341/0000-0000-0000-271A
,hdl:11341/0000-0000-0000-273D,Walther Heissig,,,,,,,,,,
,hdl:11341/0000-0000-0000-276C,,,,,,,,,,,
,hdl:11341/0000-0000-0000-276D,,,,,,,,,,,
,hdl:11341/0000-0000-0000-276E,,,,,,,,,,,
2020-02-05T15:15:01Z,hdl:11341/0000-0000-0000-3DBB,Issak Cheikh Oukafi,taq,hdl:11341/0000-0000-0000-3DBA,Non-Structured Interview with Exya Alwateti Number 8,"Non-structured interview with Exya Alwateti, 71 years old, in Eharir on the 8th of march 2011.",2011-03-08T00:00:00Z,LAC,,,,hdl:11341/0000-0000-0000-3DBA
2020-02-05T15:15:01Z,hdl:11341/0000-0000-0000-3DBD,Issak Cheikh Oukafi,taq,hdl:11341/0000-0000-0000-3DBC,Non-Structured Interview with Assanussi Yahi and Exya Alwateti Number 2,"Non-structured interview with Assanussi Yahi, 64 years old and Exya Alwateti, 71 years old, in Isawalen on the 11th of march 2011.",2011-03-11T00:00:00Z,LAC,,,,hdl:11341/0000-0000-0000-3DBC
,hdl:11341/0000-0000-0000-3DBE,,,,,,,,,,,
2020-02-05T15:15:01Z,hdl:11341/0000-0000-0000-3D91,Issak Cheikh Oukafi,taq,hdl:11341/0000-0000-0000-3D90,Non-Structured Interview with Cherifa Walt Amud,"Non-structured interview with Cherifa Walt Amud, 55 years old, in Eharir on the 13th of march 2011.",2011-03-13T00:00:00Z,LAC,,,,hdl:11341/0000-0000-0000-3D90
2020-02-05T15:15:01Z,hdl:11341/0000-0000-0000-3D9A,Issak Cheikh Oukafi,taq,hdl:11341/0000-0000-0000-3D99,Structured Interview with Ag Axmad Issa,Structured interview with Issa on the 16th of march 2011.,2011-03-16T00:00:00Z,LAC,,,,hdl:11341/0000-0000-0000-3D99
2020-02-05T15:15:01Z,hdl:11341/0000-0000-0000-3D9F,Issak Cheikh Oukafi,taq,hdl:11341/0000-0000-0000-3D9E,Structured Interview with Issa,Structured interview with Issa on the 12th of march 2011.,2011-03-12T00:00:00Z,LAC,,,,hdl:11341/0000-0000-0000-3D9E
,hdl:11341/0000-0000-0000-3DA0,,,,,,,,,,,
2020-02-05T15:15:01Z,hdl:11341/0000-0000-0000-3D7F,Issak Cheikh Oukafi,taq,hdl:11341/0000-0000-0000-3D7E,Non-Structured Interview with Hadj Gassu Mansur,"Non-structured interview with Hadj Gassu Mansur, 72 years old, in Djanet on the 18th of march 2011.",2011-03-18T00:00:00Z,LAC,,,,hdl:11341/0000-0000-0000-3D7E
2020-02-05T15:15:01Z,hdl:11341/0000-0000-0000-3D8B,Issak Cheikh Oukafi,taq,hdl:11341/0000-0000-0000-3D8A,Non-Structured Interview with Assanussi Yahi Number 1,"Non-structured interview with Assanussi Yahi, 64 years old, in Eharir on the 1st of march 2011.",2011-03-01T00:00:00Z,LAC,,,,hdl:11341/0000-0000-0000-3D8A
2020-02-05T15:15:01Z,hdl:11341/0000-0000-0000-3DA7,Issak Cheikh Oukafi,taq,hdl:11341/0000-0000-0000-3DA6,Non-Structured Interview with Assanussi Yahi Number 2,"Non-structured interview with Assanussi Yahi, 64 years old, in Haut on the 2nd of march 2011.",2011-03-02T00:00:00Z,LAC,,,,hdl:11341/0000-0000-0000-3DA6
2020-02-05T15:15:01Z,hdl:11341/00-0000-0000-0000-1F2A-2,Stefan Schnell,vra,hdl:11341/00-0000-0000-0000-1F25-3,"Multi-CAST Vera'a 'as1' (""The Two Friends"")","Traditional narrative. Speaker VR02. Recorded in 2007 by Stefan Schnell in Vera'a village, Vanua Lava, Vanuatu. Two brothers looking for a particular kind of pig are deceived by the face-changing trickster Dōl.",2015-05-01T00:00:00Z,LAC,CC BY NC SA,,,hdl:11341/00-0000-0000-0000-1F25-3
,hdl:11341/00-0000-0000-0000-1F27-C,,,,,,,,,,,
,hdl:11341/00-0000-0000-0000-1F28-A,,,,,,,,,,,
,hdl:11341/00-0000-0000-0000-1F29-8,,,,,,,,,,,
,hdl:11341/00-0000-0000-0000-1F26-7,,,,,,,,,,,
2020-02-05T15:15:01Z,hdl:11341/00-0000-0000-0000-1EBE-C,Stefan Schnell,vra,hdl:11341/00-0000-0000-0000-1EB9-0,"Multi-CAST Vera'a 'gabg' (""The Cat and the Rat"")","Traditional narrative. Speaker VR03. Recorded in 2007 by Stefan Schnell in Vera'a village, Vanua Lava, Vanuatu. The cat and the rat, though friends at first, part in animosity after the rat cheats the cat out of a meal of pawpaw fruit they had intended to share.",2015-05-01T00:00:00Z,LAC,CC BY NC SA,,,hdl:11341/00-0000-0000-0000-1EB9-0
,hdl:11341/00-0000-0000-0000-1EBD-5,,,,,,,,,,,
,hdl:11341/00-0000-0000-0000-1EBB-B,,,,,,,,,,,
,hdl:11341/00-0000-0000-0000-1EBC-7,,,,,,,,,,,
,hdl:11341/00-0000-0000-0000-1EBA-4,,,,,,,,,,,
2020-02-05T15:15:01Z,hdl:11341/00-0000-0000-0000-0D9D-D,Felix Rau,gaq,hdl:11341/00-0000-0000-0000-0D92-9,Gtaq Field Recordings,Gtaʔ (Diday) field recordings as gathered by Chakravarti in 1962-1964 and preserved by the Chicago Munda Language Project. The variety recorded is so called Plains Gtaʔ as spoken in Oringi village.,2014-01-01T00:00:00Z,LAC,https://en.wikipedia.org/wiki/Copyright,collection,collection,hdl:11341/00-0000-0000-0000-0D92-9
,hdl:11341/00-0000-0000-0000-0D98-7,,,,,,,,,,,
,hdl:11341/00-0000-0000-0000-0D93-7,,,,,,,,,,,
2020-02-05T15:15:01Z,hdl:11341/00-0000-0000-0000-0DA3-6,Felix Rau,gaq,hdl:11341/00-0000-0000-0000-0D9D-D,Chakravarti Gtaq Data 1,Recordings digitised on CD 1 of Chakravarti Gtaq field recordings,Unknown,LAC,https://en.wikipedia.org/wiki/Copyright,,,hdl:11341/00-0000-0000-0000-0D9D-D
,hdl:11341/00-0000-0000-0000-0DA1-7,,,,,,,,,,,
,hdl:11341/00-0000-0000-0000-0DA0-9,,,,,,,,,,,
,hdl:11341/00-0000-0000-0000-0D9F-3,,,,,,,,,,,
,hdl:11341/00-0000-0000-0000-0D9E-5,,,,,,,,,,,
2020-02-05T15:15:01Z,hdl:11341/0000-0000-0000-2727,Damrin,mvf,hdl:11341/0000-0000-0000-2712,The Story of the Golden Horse,"Tale Altan morin-u namtar “The Story of the Golden Horse“, 351 pp. Sometime in 1993, Rinčindorǰi recorded the tale from the recitation of the bard Damrin of West Baɣarin. On August 24, 1993, Rinčindorǰi finished writing down the text. On December 8, 1993, Rinčindorǰi recorded a new version of the last section of the performance, 41 pp., and finished writing down the text on January 20, 1995. Rinčindorǰi also added notes to the text.",1993-01-01T00:00:00Z,LAC,CC BY SA,,,hdl:11341/0000-0000-0000-2712
,hdl:11341/0000-0000-0000-2728,Walther Heissig,,,,,,,,,,
,hdl:11341/0000-0000-0000-2729,,,,,,,,,,,
,hdl:11341/0000-0000-0000-2759,,,,,,,,,,,
,hdl:11341/0000-0000-0000-275A,,,,,,,,,,,
2020-02-05T15:15:01Z,hdl:11341/0000-0000-0000-274E,Rinčin,mvf,hdl:11341/0000-0000-0000-2722,The Story of the Tang Lama-priest,"Tale Tangsuɣ / Tangseng lama-yin üliger “The Story of the Tang Lama-priest” (i.e. Xuanzang, the Tang Monk in the summary of the text), pp. 89. On September 9, 1991 in Sili-yin qota (Shiliinhot), Walther Heissig recorded the text from the recitation of the bard Rinčin of Baɣarin (Baarin) West Banner. On October 19, 2010, Rinčindorǰi finished writing down the text.",1991-09-09T00:00:00Z,LAC,CC BY SA,,,hdl:11341/0000-0000-0000-2722
,hdl:11341/0000-0000-0000-274F,Walther Heissig,,,,,,,,,,
,hdl:11341/0000-0000-0000-2750,,,,,,,,,,,
,hdl:11341/0000-0000-0000-277D,,,,,,,,,,,
,hdl:11341/0000-0000-0000-277E,,,,,,,,,,,
2020-02-05T15:15:01Z,hdl:11341/0000-0000-0000-35C3,Asangba Reginald Taluah,dag,hdl:11341/0000-0000-0000-35C2,Panegyric in Honour of Gundo Naa Salamatu Abdulai,Recording by Asangba Reginald Taluah for Ph.D Dissertation,2018-03-01T00:00:00Z,LAC,CC BY,,,hdl:11341/0000-0000-0000-35C2
,hdl:11341/0000-0000-0000-35C4,,,,,,,,,,,
